sale_year,month_name,revenue_millions,same_month_last_year,growth_amount,yoy_percent
2024,March,859.309658,770.138208,89.17145,11.58
2024,February,792.791381,715.981171,76.81021,10.73
2024,June,836.125684,758.986526,77.139158,10.16
2024,November,826.83958,756.432824,70.406756,9.31
2024,August,853.371893,783.733577,69.638316,8.89
