Number,X,Y
1,1.02449,-0.26354
2,-0.68348,1.556111
3,-0.35404,0.067723
4,1.346841,-1.17887
5,-0.61801,-0.54434
6,0.192539,0.392162
7,0.147832,0.510014
8,0.5464463,1.790204
9,0.906695,0.674143
10,1.358305,0.781584
