State,AvgUsage (kwh)
NSW,816.528571
QLD,1249.166666
VIC,954.285714
